{"posicion":{"x":11.57278823852539,"y":0.9000000357627869,"z":24.651988983154298},"rotacion":{"x":0.0,"y":0.9867143034934998,"z":0.0,"w":-0.16246560215950013},"escena":1}