{"posicion":{"x":20.646696090698243,"y":0.9000006914138794,"z":-5.171289443969727},"rotacion":{"x":0.0,"y":0.7944142818450928,"z":0.0,"w":-0.6073763966560364},"escena":1}