{"posicion":{"x":11.800533294677735,"y":0.9000000357627869,"z":3.6339423656463625},"rotacion":{"x":0.0,"y":0.615661084651947,"z":0.0,"w":-0.7880111336708069},"escena":1}