{"posicion":{"x":-23.217754364013673,"y":0.9000000357627869,"z":6.528115272521973},"rotacion":{"x":0.0,"y":0.49014315009117129,"z":0.0,"w":0.871641993522644},"escena":1}