{"posicion":{"x":10.123854637145996,"y":0.900001049041748,"z":22.23404884338379},"rotacion":{"x":0.0,"y":0.9999025464057922,"z":0.0,"w":0.013962223194539547},"escena":1,"load":false}