{"posicion":{"x":6.918186076093624e-12,"y":0.8999999761581421,"z":1.1836307108048505e-11},"rotacion":{"x":0.0,"y":-0.3875156044960022,"z":0.0,"w":0.9218631386756897},"escena":1}